Feature,Importance
RevolvingUtilizationOfUnsecuredLines,0.35551160676681676
NumberOfTimes90DaysLate,0.18834270744825377
NumberOfTime30-59DaysPastDueNotWorse,0.1787283906189294
NumberOfTime60-89DaysPastDueNotWorse,0.09561739588400293
age,0.05426877554226458
DebtRatio,0.03877604541713916
MonthlyIncome,0.0313762023618175
NumberOfOpenCreditLinesAndLoans,0.02897861872103867
NumberRealEstateLoansOrLines,0.021398312673399297
NumberOfDependents,0.007001944566337929
